city,neighbourhood,room_type,property_type,actual_price,predicted_price,potential_uplift_per_night,estimated_uplift,mispricing_pct
San Francisco,North Beach,Private room,Apartment,263.0,614.0258,351.02581787109375,21061.549072265625,-0.5716792480943965
Austin,78734,Entire home/apt,Apartment,175.0,480.32916,305.32916259765625,18319.749755859375,-0.6356665103289028
Austin,78703,Entire home/apt,Apartment,80.0,372.3808,292.38079833984375,17542.847900390625,-0.7851661515398813
Austin,78701,Entire home/apt,Apartment,109.0,379.74582,270.7458190917969,16244.749145507812,-0.7129658984510079
San Francisco,Western Addition,Entire home/apt,Apartment,79.0,345.20172,266.20172119140625,15972.103271484375,-0.7711483021366619
Austin,78704,Entire home/apt,Apartment,68.0,330.4868,262.4867858886719,15749.207153320312,-0.7942429080268687
San Francisco,Glen Park,Entire home/apt,Apartment,195.0,456.69327,261.6932678222656,15701.596069335938,-0.5730175727576315
Austin,78703,Entire home/apt,Apartment,75.0,315.82706,240.82705688476562,14449.623413085938,-0.7625282623351523
Austin,78701,Entire home/apt,Apartment,150.0,383.2735,233.27349853515625,13996.409912109375,-0.6086345636385265
Austin,78702,Entire home/apt,Apartment,140.0,359.39902,219.39901733398438,13163.941040039062,-0.6104608158405175
Washington D.C.,"Cleveland Park, Woodley Park, Massachusetts Avenue Heights, Woodland-Normanstone Terrace",Entire home/apt,Apartment,168.0,382.45767,214.45767211914062,12867.460327148438,-0.5607357042437214
Austin,78702,Entire home/apt,Apartment,89.0,301.80627,212.8062744140625,12768.37646484375,-0.7051088478104447
Austin,78703,Entire home/apt,Apartment,125.0,321.92514,196.92514038085938,11815.508422851562,-0.6117109715255028
Austin,78734,Entire home/apt,Apartment,175.0,368.7937,193.793701171875,11627.6220703125,-0.5254799649670755
Austin,78703,Entire home/apt,Apartment,45.0,238.44653,193.446533203125,11606.7919921875,-0.8112784472246198
San Francisco,Marina,Entire home/apt,Apartment,200.0,391.97363,191.9736328125,11518.41796875,-0.48976159808261976
Austin,78746,Entire home/apt,Apartment,30.0,216.90277,186.90277099609375,11214.166259765625,-0.8616891805382224
Austin,78702,Entire home/apt,Apartment,90.0,273.62762,183.62762451171875,11017.657470703125,-0.6710858409833341
San Francisco,Financial District,Entire home/apt,Apartment,150.0,331.96164,181.96163940429688,10917.698364257812,-0.5481405614541063
Austin,78746,Entire home/apt,Apartment,325.0,504.37094,179.37094116210938,10762.256469726562,-0.3556329806567067
San Francisco,Downtown/Civic Center,Entire home/apt,Apartment,120.0,297.95587,177.95587158203125,10677.352294921875,-0.5972557970989258
San Francisco,Bernal Heights,Entire home/apt,Apartment,125.0,299.04623,174.04623413085938,10442.774047851562,-0.5820044336512148
San Francisco,Marina,Private room,Apartment,119.0,292.88007,173.88006591796875,10432.803955078125,-0.5936903400133415
Washington D.C.,"Cleveland Park, Woodley Park, Massachusetts Avenue Heights, Woodland-Normanstone Terrace",Entire home/apt,Apartment,149.0,321.72195,172.72195434570312,10363.317260742188,-0.5368671674799863
San Francisco,Noe Valley,Entire home/apt,Apartment,103.0,273.86356,170.86355590820312,10251.813354492188,-0.623900304447501
Boston,Back Bay,Entire home/apt,Apartment,119.0,289.6853,170.685302734375,10241.1181640625,-0.5892093976575806
Austin,78734,Entire home/apt,Apartment,194.0,363.84314,169.8431396484375,10190.58837890625,-0.4668031938503719
Austin,78704,Entire home/apt,Apartment,150.0,317.89413,167.89413452148438,10073.648071289062,-0.5281448013320847
Austin,78702,Entire home/apt,Apartment,90.0,257.5877,167.58770751953125,10055.262451171875,-0.6506044451163265
Austin,78702,Entire home/apt,Apartment,149.0,316.26306,167.2630615234375,10035.78369140625,-0.5288732130705756
Austin,78704,Entire home/apt,Apartment,140.0,307.1119,167.11190795898438,10026.714477539062,-0.544140111888148
San Francisco,Bernal Heights,Entire home/apt,Apartment,80.0,246.00368,166.00367736816406,9960.220642089844,-0.6748016092447527
Austin,78746,Entire home/apt,Apartment,250.0,413.67175,163.6717529296875,9820.30517578125,-0.3956561011733065
Austin,78745,Entire home/apt,Apartment,74.0,237.19603,163.19602966308594,9791.761779785156,-0.6880217594488834
Austin,78704,Entire home/apt,Apartment,130.0,289.87207,159.8720703125,9592.32421875,-0.5515262996540096
San Francisco,Mission,Entire home/apt,Apartment,108.0,265.71832,157.71832275390625,9463.099365234375,-0.5935545622872846
New York,Tribeca,Entire home/apt,Apartment,184.0,340.91373,156.91372680664062,9414.823608398438,-0.4602740062022757
Austin,78702,Entire home/apt,Apartment,134.0,290.165,156.16500854492188,9369.900512695312,-0.5381937998935016
Austin,78702,Entire home/apt,Apartment,130.0,283.53018,153.53018188476562,9211.810913085938,-0.5414950213207441
Washington D.C.,"Georgetown, Burleith/Hillandale",Entire home/apt,Apartment,87.0,240.46185,153.46185302734375,9207.711181640625,-0.6381962506539158
Washington D.C.,"Shaw, Logan Circle",Entire home/apt,Apartment,99.0,251.96999,152.96998596191406,9178.199157714844,-0.607096060977024
Austin,78704,Entire home/apt,Apartment,120.0,270.88434,150.88433837890625,9053.060302734375,-0.5570065042588509
New York,West Village,Entire home/apt,Apartment,156.0,306.12692,150.12692260742188,9007.615356445312,-0.49040744710959355
Austin,78704,Entire home/apt,Apartment,125.0,274.6069,149.60690307617188,8976.414184570312,-0.5448038683669695
Austin,78704,Entire home/apt,Apartment,196.0,345.4562,149.45620727539062,8967.372436523438,-0.43263430827933336
New York,Upper East Side,Entire home/apt,Apartment,100.0,247.32516,147.32516479492188,8839.509887695312,-0.5956739780890536
Austin,78701,Entire home/apt,Apartment,200.0,346.28552,146.2855224609375,8777.13134765625,-0.42244192428645105
New York,Hell's Kitchen,Entire home/apt,Apartment,95.0,241.20967,146.2096710205078,8772.580261230469,-0.6061517782513661
Austin,78723,Entire home/apt,Apartment,150.0,296.19156,146.19155883789062,8771.493530273438,-0.4935709829526341
New York,West Village,Entire home/apt,Apartment,113.0,257.99506,144.99505615234375,8699.703369140625,-0.5620071109685353
New York,West Village,Entire home/apt,Apartment,156.0,299.69034,143.69033813476562,8621.420288085938,-0.47946269816062786
Austin,78704,Entire home/apt,Apartment,99.0,241.93341,142.93341064453125,8576.004638671875,-0.5907964933976851
San Francisco,Outer Sunset,Entire home/apt,Apartment,100.0,242.80202,142.80201721191406,8568.121032714844,-0.5881418072704007
San Francisco,Noe Valley,Entire home/apt,Apartment,275.0,417.19238,142.1923828125,8531.54296875,-0.3408316850224131
San Francisco,Marina,Entire home/apt,Apartment,95.0,237.0508,142.05079650878906,8523.047790527344,-0.5992420131080314
Austin,78702,Entire home/apt,Apartment,120.0,261.8977,141.897705078125,8513.8623046875,-0.5418058361213834
San Francisco,Downtown/Civic Center,Entire home/apt,Apartment,180.0,321.7686,141.76858520507812,8506.115112304688,-0.4405917535881335
San Francisco,Nob Hill,Entire home/apt,Apartment,109.0,248.89609,139.89608764648438,8393.765258789062,-0.5620662380406058
Austin,78702,Entire home/apt,Apartment,75.0,214.43561,139.43560791015625,8366.136474609375,-0.6502446551161254
Austin,78746,Entire home/apt,Apartment,30.0,169.37817,139.378173828125,8362.6904296875,-0.8228815477108506
Austin,78734,Entire home/apt,Apartment,60.0,198.86082,138.86082458496094,8331.649475097656,-0.6982814482177423
Austin,78704,Entire home/apt,Apartment,109.0,247.35086,138.35086059570312,8301.051635742188,-0.5593304193990198
San Francisco,Glen Park,Private room,Apartment,74.0,211.05412,137.0541229248047,8223.247375488281,-0.6493790361709018
Austin,78741,Entire home/apt,Apartment,50.0,186.64125,136.64125061035156,8198.475036621094,-0.732106381432343
San Francisco,South of Market,Hotel room,Apartment,119.0,255.47505,136.4750518798828,8188.503112792969,-0.5342010927315499
Austin,78732,Entire home/apt,Apartment,73.0,208.53946,135.53945922851562,8132.3675537109375,-0.6499463445907987
San Francisco,Mission,Private room,Apartment,44.0,178.07559,134.07559204101562,8044.5355224609375,-0.7529139198938302
Seattle,Broadview,Entire home/apt,House,190.0,324.03772,134.0377197265625,8042.26318359375,-0.41364850931450053
Washington D.C.,"Georgetown, Burleith/Hillandale",Entire home/apt,Apartment,123.0,256.48392,133.48391723632812,8009.0350341796875,-0.5204377673058309
Austin,78702,Entire home/apt,Apartment,94.0,227.25552,133.25552368164062,7995.3314208984375,-0.5863686898467497
Boston,Fenway,Entire home/apt,Apartment,175.0,307.86755,132.8675537109375,7972.05322265625,-0.4315737469226435
New York,West Village,Entire home/apt,Apartment,175.0,307.86417,132.86416625976562,7971.8499755859375,-0.43156749248842174
Austin,78701,Entire home/apt,Apartment,174.0,306.57553,132.57553100585938,7954.5318603515625,-0.4324400273266608
New York,Boerum Hill,Entire home/apt,Apartment,100.0,232.07664,132.07664489746094,7924.598693847656,-0.5691078693240189
San Francisco,Mission,Entire home/apt,Apartment,130.0,262.0192,132.01919555664062,7921.1517333984375,-0.5038531443323284
San Francisco,Castro/Upper Market,Private room,Apartment,100.0,231.915,131.9149932861328,7914.899597167969,-0.5688075247613608
San Francisco,Castro/Upper Market,Entire home/apt,Apartment,115.0,246.27472,131.27471923828125,7876.483154296875,-0.5330417983799116
Austin,78704,Entire home/apt,Apartment,130.0,258.53964,128.53964233398438,7712.3785400390625,-0.4971757567759587
Austin,78704,Entire home/apt,Apartment,88.0,215.71155,127.7115478515625,7662.69287109375,-0.5920478023709913
San Francisco,Downtown/Civic Center,Shared room,Apartment,45.0,171.95853,126.95852661132812,7617.5115966796875,-0.7383089929485618
San Francisco,Financial District,Entire home/apt,Apartment,229.0,355.44186,126.44186401367188,7586.5118408203125,-0.35573149033679485
Austin,78702,Entire home/apt,Apartment,79.0,204.18924,125.18923950195312,7511.3543701171875,-0.6131040000310871
Austin,78704,Entire home/apt,Apartment,51.0,176.04636,125.04635620117188,7502.7813720703125,-0.7103035751463028
Washington D.C.,"Downtown, Chinatown, Penn Quarters, Mount Vernon Square, North Capitol Street",Entire home/apt,Apartment,80.0,204.46848,124.46847534179688,7468.1085205078125,-0.6087416416331705
Austin,78725,Entire home/apt,Apartment,286.0,410.2947,124.29470825195312,7457.6824951171875,-0.3029400714952103
Boston,Allston-Brighton,Entire home/apt,Apartment,195.0,319.28198,124.281982421875,7456.9189453125,-0.38925460647402965
Austin,78702,Entire home/apt,Apartment,295.0,419.12515,124.12515258789062,7447.5091552734375,-0.2961529553200975
Austin,78704,Entire home/apt,Apartment,64.0,188.02513,124.02513122558594,7441.507873535156,-0.6596199689752374
San Francisco,North Beach,Entire home/apt,Apartment,145.0,268.6952,123.6951904296875,7421.71142578125,-0.46035505969376933
Washington D.C.,"Downtown, Chinatown, Penn Quarters, Mount Vernon Square, North Capitol Street",Entire home/apt,Apartment,80.0,202.93494,122.9349365234375,7376.09619140625,-0.6057849802970688
Austin,78705,Entire home/apt,Apartment,86.0,208.28831,122.28831481933594,7337.298889160156,-0.5871107792360112
Austin,78702,Entire home/apt,Apartment,59.0,181.10617,122.10617065429688,7326.3702392578125,-0.6742242421291006
Austin,78702,Entire home/apt,Apartment,88.0,208.71698,120.71697998046875,7243.018798828125,-0.5783764214668359
Washington D.C.,"Shaw, Logan Circle",Entire home/apt,Apartment,80.0,200.61111,120.61111450195312,7236.6668701171875,-0.6012185057711689
Austin,78704,Private room,Apartment,38.0,157.8518,119.851806640625,7191.1083984375,-0.7592678803701429
Austin,78703,Entire home/apt,Apartment,150.0,269.42883,119.4288330078125,7165.72998046875,-0.44326671230598946
San Francisco,Noe Valley,Entire home/apt,Apartment,168.0,286.46014,118.46014404296875,7107.608642578125,-0.4135309798112782
Asheville,28806,Entire home/apt,Apartment,118.0,235.90698,117.906982421875,7074.4189453125,-0.49980285115520945
Seattle,Maple Leaf,Entire home/apt,Apartment,135.0,252.87315,117.87315368652344,7072.389221191406,-0.4661354990361926
Washington D.C.,"Georgetown, Burleith/Hillandale",Entire home/apt,Apartment,125.0,242.62561,117.6256103515625,7057.53662109375,-0.48480294467316937
Austin,78701,Entire home/apt,Apartment,295.0,412.18433,117.184326171875,7031.0595703125,-0.28430078178909407
San Francisco,South of Market,Private room,Apartment,40.0,155.93526,115.93525695800781,6956.115417480469,-0.7434832841506029
Austin,78704,Entire home/apt,Apartment,125.0,240.12175,115.12174987792969,6907.304992675781,-0.4794307468459394
Washington D.C.,"Cleveland Park, Woodley Park, Massachusetts Avenue Heights, Woodland-Normanstone Terrace",Entire home/apt,Apartment,130.0,245.02956,115.02955627441406,6901.773376464844,-0.46945175930364047
Boston,Back Bay,Entire home/apt,Apartment,105.0,219.87404,114.87403869628906,6892.442321777344,-0.5224538530215658
Washington D.C.,"Shaw, Logan Circle",Entire home/apt,Apartment,169.0,283.6154,114.61538696289062,6876.9232177734375,-0.40412259782607407
Austin,78705,Entire home/apt,Apartment,157.0,271.28677,114.28677368164062,6857.2064208984375,-0.42127661489224677
Boston,Financial District,Entire home/apt,Apartment,249.0,362.9469,113.9468994140625,6836.81396484375,-0.3139492294823764
Washington D.C.,"Cleveland Park, Woodley Park, Massachusetts Avenue Heights, Woodland-Normanstone Terrace",Entire home/apt,Apartment,75.0,188.86089,113.86088562011719,6831.653137207031,-0.6028823027397098
Boston,Chinatown,Entire home/apt,Apartment,119.0,232.80966,113.80966186523438,6828.5797119140625,-0.488852829188485
Austin,78702,Entire home/apt,Apartment,62.0,175.29121,113.29121398925781,6797.472839355469,-0.646302866019289
San Francisco,North Beach,Entire home/apt,Apartment,150.0,263.20505,113.20504760742188,6792.3028564453125,-0.4301021148206495
Austin,78702,Private room,Apartment,65.0,177.83002,112.83001708984375,6769.801025390625,-0.6344824059305998
Austin,78702,Entire home/apt,Apartment,150.0,261.833,111.8330078125,6709.98046875,-0.42711577408370227
Washington D.C.,"Capitol Hill, Lincoln Park",Entire home/apt,Apartment,150.0,261.5811,111.58108520507812,6694.8651123046875,-0.4265640427234988
New York,Kips Bay,Entire home/apt,Apartment,125.0,236.3844,111.3843994140625,6683.06396484375,-0.4712002978629572
San Francisco,Glen Park,Entire home/apt,Apartment,113.0,223.98907,110.98907470703125,6659.344482421875,-0.49551110853152336
New York,Nolita,Entire home/apt,Apartment,80.0,190.95735,110.95735168457031,6657.441101074219,-0.5810582871292295
Washington D.C.,"Cleveland Park, Woodley Park, Massachusetts Avenue Heights, Woodland-Normanstone Terrace",Entire home/apt,Apartment,80.0,190.27728,110.27728271484375,6616.636962890625,-0.5795609499012511
Austin,78704,Entire home/apt,Apartment,98.0,208.02522,110.02522277832031,6601.513366699219,-0.5289032806159637
San Francisco,Bernal Heights,Entire home/apt,Apartment,239.0,348.95374,109.9537353515625,6597.22412109375,-0.31509545310007
Austin,78741,Entire home/apt,Apartment,94.0,203.45526,109.45526123046875,6567.315673828125,-0.537981965020215
Austin,78757,Entire home/apt,Apartment,149.0,258.39227,109.39227294921875,6563.536376953125,-0.4233573694005833
Austin,78701,Entire home/apt,Apartment,189.0,297.8477,108.84768676757812,6530.8612060546875,-0.36544748072029215
Austin,78722,Entire home/apt,Apartment,74.0,182.41144,108.41143798828125,6504.686279296875,-0.5943236848735658
Washington D.C.,"Columbia Heights, Mt. Pleasant, Pleasant Plains, Park View",Entire home/apt,Apartment,50.0,158.40701,108.40701293945312,6504.4207763671875,-0.6843574089796696
Boston,South End,Entire home/apt,Apartment,200.0,308.38242,108.38241577148438,6502.9449462890625,-0.3514545908862626
Boston,Back Bay,Entire home/apt,Apartment,174.0,281.53452,107.53451538085938,6452.0709228515625,-0.38195855039438725
Austin,78704,Entire home/apt,Apartment,100.0,206.84775,106.84774780273438,6410.8648681640625,-0.5165526283836189
Boston,Government Center,Entire home/apt,Apartment,167.0,273.75034,106.75033569335938,6405.0201416015625,-0.38995508598365863
Boston,Roxbury,Entire home/apt,Apartment,120.0,225.94331,105.94331359863281,6356.598815917969,-0.4688933339573448
Washington D.C.,"Edgewood, Bloomingdale, Truxton Circle, Eckington",Entire home/apt,Apartment,100.0,205.83583,105.83583068847656,6350.149841308594,-0.5141759349403769
San Francisco,Castro/Upper Market,Private room,Apartment,82.0,187.43962,105.43962097167969,6326.377258300781,-0.562525790572371
Austin,78702,Entire home/apt,Apartment,120.0,225.42566,105.4256591796875,6325.53955078125,-0.46767373139032226
New York,Chelsea,Entire home/apt,Apartment,140.0,244.02213,104.02212524414062,6241.3275146484375,-0.42628153139830244
Austin,78702,Entire home/apt,Apartment,150.0,253.81914,103.81913757324219,6229.148254394531,-0.4090280132769109
Austin,78734,Entire home/apt,Apartment,225.0,328.66315,103.66314697265625,6219.788818359375,-0.3154084902049596
Asheville,28806,Entire home/apt,Apartment,90.0,193.3065,103.30650329589844,6198.390197753906,-0.5344181470075269
New York,West Village,Entire home/apt,Apartment,125.0,227.78183,102.78182983398438,6166.9097900390625,-0.451229274560203
Washington D.C.,"Shaw, Logan Circle",Entire home/apt,Apartment,99.0,201.73991,102.73991394042969,6164.394836425781,-0.5092691472584201
New York,Williamsburg,Entire home/apt,Apartment,49.0,151.65524,102.65524291992188,6159.3145751953125,-0.6768987404815715
San Francisco,Potrero Hill,Entire home/apt,Apartment,154.0,256.6282,102.62820434570312,6157.6922607421875,-0.3999100746052564
Austin,78703,Entire home/apt,Apartment,80.0,181.39633,101.39633178710938,6083.7799072265625,-0.5589767488027834
San Francisco,Glen Park,Entire home/apt,Apartment,115.0,216.23009,101.23008728027344,6073.805236816406,-0.4681591195450098
Washington D.C.,"Capitol Hill, Lincoln Park",Entire home/apt,Apartment,122.0,223.06544,101.06544494628906,6063.926696777344,-0.4530753069827743
San Francisco,Mission,Entire home/apt,Apartment,58.0,159.0284,101.02839660644531,6061.703796386719,-0.6352852620181086
San Francisco,Haight Ashbury,Entire home/apt,Apartment,235.0,336.016,101.0159912109375,6060.95947265625,-0.300628523204789
New York,Chelsea,Entire home/apt,Apartment,140.0,240.98792,100.9879150390625,6059.27490234375,-0.419058005554731
Austin,78702,Entire home/apt,Apartment,200.0,300.32346,100.32345581054688,6019.4073486328125,-0.33405134986803675
Austin,78701,Entire home/apt,Apartment,80.0,180.04399,100.04399108886719,6002.639465332031,-0.5556641489883818
Austin,78704,Entire home/apt,Apartment,88.0,187.56006,99.56005859375,5973.603515625,-0.5308169518617735
Austin,78704,Private room,Apartment,45.0,144.45413,99.45413208007812,5967.2479248046875,-0.6884824313986792
New York,Chelsea,Entire home/apt,Apartment,125.0,224.3794,99.37939453125,5962.763671875,-0.4429078469476355
Austin,78701,Entire home/apt,Apartment,145.0,244.2959,99.2958984375,5957.75390625,-0.40645749303443013
Austin,78702,Entire home/apt,Apartment,69.0,167.94551,98.94551086425781,5936.730651855469,-0.5891524599560786
San Francisco,Haight Ashbury,Entire home/apt,Apartment,299.0,397.835,98.83499145507812,5930.0994873046875,-0.24843212280948435
New York,East Harlem,Entire home/apt,Apartment,120.0,218.71591,98.71591186523438,5922.9547119140625,-0.4513430734114119
Austin,78702,Entire home/apt,Apartment,92.0,190.59148,98.59147644042969,5915.488586425781,-0.5172921595538662
Austin,78735,Entire home/apt,Apartment,140.0,238.39778,98.39778137207031,5903.866882324219,-0.4127462126776243
New York,West Village,Entire home/apt,Apartment,190.0,288.20593,98.2059326171875,5892.35595703125,-0.34074917100207835
San Francisco,Noe Valley,Entire home/apt,Apartment,95.0,193.0206,98.02059936523438,5881.2359619140625,-0.5078245518228829
Austin,78751,Entire home/apt,Apartment,69.0,166.98853,97.988525390625,5879.3115234375,-0.5867979560955284
San Francisco,Marina,Entire home/apt,Apartment,135.0,232.86552,97.86552429199219,5871.931457519531,-0.420266265646424
San Francisco,Mission,Entire home/apt,Apartment,239.0,336.7156,97.71560668945312,5862.9364013671875,-0.2902021906563259
San Francisco,Outer Richmond,Entire home/apt,Apartment,140.0,237.63406,97.63406372070312,5858.0438232421875,-0.41085887347974964
Austin,78731,Entire home/apt,Apartment,60.0,157.04918,97.04917907714844,5822.950744628906,-0.6179540679386439
Austin,78741,Entire home/apt,Apartment,125.0,221.94162,96.94161987304688,5816.4971923828125,-0.43678882729836155
Austin,78745,Entire home/apt,Apartment,99.0,195.61156,96.61155700683594,5796.693420410156,-0.49389493384309446
Austin,78745,Entire home/apt,Apartment,55.0,151.24728,96.24728393554688,5774.8370361328125,-0.6363571062642162
Asheville,28704,Entire home/apt,Apartment,80.0,176.21156,96.21156311035156,5772.693786621094,-0.5460002817754904
Washington D.C.,"Capitol Hill, Lincoln Park",Entire home/apt,Apartment,78.0,174.15225,96.15225219726562,5769.1351318359375,-0.5521160420501029
San Francisco,Castro/Upper Market,Entire home/apt,Apartment,126.0,221.84947,95.84947204589844,5750.968322753906,-0.4320473299394111
Boston,Mission Hill,Entire home/apt,Apartment,115.0,209.61018,94.61018371582031,5676.611022949219,-0.45136253419866457
New York,Upper West Side,Entire home/apt,Apartment,75.0,169.44806,94.44805908203125,5666.883544921875,-0.5573864911389049
Asheville,28805,Entire home/apt,Apartment,84.0,178.42099,94.42098999023438,5665.2593994140625,-0.5292033745323483
San Francisco,Marina,Private room,Apartment,135.0,229.1367,94.13670349121094,5648.202209472656,-0.4108320581421901
Austin,78701,Entire home/apt,Apartment,150.0,244.11046,94.11045837402344,5646.627502441406,-0.38552407381837117
New York,Maspeth,Entire home/apt,Apartment,60.0,153.60213,93.60212707519531,5616.127624511719,-0.6093804093570446
San Francisco,Outer Richmond,Entire home/apt,Apartment,113.0,206.53905,93.53904724121094,5612.342834472656,-0.4528879574619583
Austin,78704,Entire home/apt,Apartment,150.0,243.44843,93.44842529296875,5606.905517578125,-0.38385306941505903
Austin,78704,Entire home/apt,Apartment,149.0,242.15755,93.15754699707031,5589.452819824219,-0.38469809490677304
Asheville,28801,Entire home/apt,Apartment,124.0,217.15051,93.1505126953125,5589.03076171875,-0.42896750064787337
Austin,78727,Entire home/apt,Apartment,60.0,153.07204,93.07203674316406,5584.322204589844,-0.608027688945744
Washington D.C.,"Capitol Hill, Lincoln Park",Entire home/apt,Apartment,65.0,157.79993,92.7999267578125,5567.99560546875,-0.5880859938562556
Austin,78701,Entire home/apt,Apartment,223.0,315.53442,92.534423828125,5552.0654296875,-0.2932625312492988
San Francisco,Potrero Hill,Entire home/apt,Apartment,90.0,182.49803,92.49803161621094,5549.881896972656,-0.5068439960532403
San Francisco,Castro/Upper Market,Entire home/apt,Apartment,143.0,235.2555,92.2554931640625,5535.32958984375,-0.3921502189949943
Austin,78733,Entire home/apt,Apartment,125.0,217.21751,92.21751403808594,5533.050842285156,-0.42453995685595103
San Francisco,Marina,Entire home/apt,Apartment,79.0,171.0373,92.03729248046875,5522.237548828125,-0.538112426510603
New York,West Village,Entire home/apt,Apartment,140.0,231.87791,91.87791442871094,5512.674865722656,-0.3962340038078878
San Francisco,Bayview,Entire home/apt,Apartment,81.0,172.7955,91.79550170898438,5507.7301025390625,-0.5312377972870085
Austin,78751,Entire home/apt,Apartment,165.0,256.58975,91.58975219726562,5495.3851318359375,-0.35695015647722217
Washington D.C.,"Dupont Circle, Connecticut Avenue/K Street",Entire home/apt,Apartment,133.0,224.20825,91.208251953125,5472.4951171875,-0.4068014944079481
Austin,78701,Entire home/apt,Apartment,164.0,254.96472,90.9647216796875,5457.88330078125,-0.35677375709242864
Austin,78704,Entire home/apt,Apartment,105.0,195.7878,90.78779602050781,5447.267761230469,-0.46370508206240924
New York,Clinton Hill,Entire home/apt,Apartment,73.0,163.56299,90.56298828125,5433.779296875,-0.5536887607208854
Asheville,28801,Entire home/apt,Apartment,124.0,214.50908,90.50907897949219,5430.544738769531,-0.42193588919443903
San Francisco,Twin Peaks,Entire home/apt,Apartment,62.0,152.49413,90.49412536621094,5429.647521972656,-0.5934269608674531
San Francisco,Outer Sunset,Entire home/apt,Apartment,185.0,275.45718,90.45718383789062,5427.4310302734375,-0.3283892711657344
San Francisco,Russian Hill,Entire home/apt,Apartment,90.0,180.30748,90.30747985839844,5418.448791503906,-0.5008526541955994
Austin,78704,Entire home/apt,Apartment,103.0,193.09093,90.09092712402344,5405.455627441406,-0.466572554525866
Austin,78751,Entire home/apt,Apartment,139.0,228.62895,89.62895202636719,5377.737121582031,-0.39202800534216903
Washington D.C.,"Georgetown, Burleith/Hillandale",Entire home/apt,Apartment,159.0,248.26094,89.26094055175781,5355.656433105469,-0.3595448416225933
San Francisco,Russian Hill,Private room,Apartment,249.0,338.19794,89.19793701171875,5351.876220703125,-0.26374476970457683
Austin,78741,Entire home/apt,Apartment,65.0,154.07251,89.072509765625,5344.3505859375,-0.5781207166750385
Austin,78704,Entire home/apt,Apartment,200.0,288.84225,88.84225463867188,5330.5352783203125,-0.30758053301380495
San Francisco,Castro/Upper Market,Entire home/apt,Apartment,250.0,338.59543,88.59542846679688,5315.7257080078125,-0.26165571362840967
San Francisco,Bernal Heights,Entire home/apt,Apartment,100.0,188.34988,88.34988403320312,5300.9930419921875,-0.46907320642484934
San Francisco,Marina,Entire home/apt,Apartment,150.0,238.186,88.18600463867188,5291.1602783203125,-0.37024007675199067
Austin,78757,Entire home/apt,Apartment,99.0,186.88997,87.88996887207031,5273.398132324219,-0.47027654508430383
Austin,78703,Entire home/apt,Apartment,125.0,212.87735,87.87734985351562,5272.6409912109375,-0.4128074213343292
Austin,78746,Entire home/apt,Apartment,155.0,242.85399,87.85398864746094,5271.239318847656,-0.36175641642433226
Austin,78724,Entire home/apt,Apartment,121.0,208.65619,87.65618896484375,5259.371337890625,-0.4200986771574403
New York,Upper East Side,Entire home/apt,Apartment,75.0,162.49388,87.49388122558594,5249.632873535156,-0.5384441590395672
Austin,78745,Entire home/apt,Apartment,15.0,102.29515,87.29515075683594,5237.709045410156,-0.8533654832216216
Asheville,28805,Entire home/apt,Apartment,126.0,213.08917,87.08917236328125,5225.350341796875,-0.4086982524612224
New York,Greenpoint,Entire home/apt,Apartment,87.0,174.00874,87.00874328613281,5220.524597167969,-0.500025123123033
San Francisco,Mission,Entire home/apt,Apartment,85.0,171.66823,86.66822814941406,5200.093688964844,-0.5048588727436567
New York,Upper East Side,Entire home/apt,Apartment,92.0,178.5825,86.58250427246094,5194.950256347656,-0.48483195274472785
Boston,Back Bay,Entire home/apt,Apartment,97.0,183.53502,86.53501892089844,5192.101135253906,-0.47149050589737357
Austin,78701,Entire home/apt,Apartment,89.0,175.5142,86.51420593261719,5190.852355957031,-0.4929185388323007
Boston,Jamaica Plain,Entire home/apt,House,300.0,386.41022,86.41021728515625,5184.613037109375,-0.22362301362592787
San Francisco,Crocker Amazon,Entire home/apt,Apartment,103.0,189.10458,86.10458374023438,5166.2750244140625,-0.4553278510610451
Austin,78701,Entire home/apt,Apartment,152.0,238.08623,86.08622741699219,5165.173645019531,-0.36157583893426093
Austin,78702,Entire home/apt,Apartment,108.0,193.96313,85.963134765625,5157.7880859375,-0.4431931607493269
Austin,78704,Entire home/apt,Apartment,95.0,180.91783,85.91783142089844,5155.069885253906,-0.4748997417563218
New York,Flatbush,Entire home/apt,Apartment,60.0,145.87012,85.8701171875,5152.20703125,-0.588675177912714
San Francisco,Downtown/Civic Center,Private room,Apartment,135.0,220.17018,85.17018127441406,5110.210876464844,-0.3868379486332906
New York,Kensington,Entire home/apt,Apartment,85.0,169.87341,84.8734130859375,5092.40478515625,-0.49962740810417916
Austin,78741,Entire home/apt,Apartment,59.0,143.5401,84.54010009765625,5072.406005859375,-0.5889650351374991
San Francisco,Western Addition,Entire home/apt,Apartment,95.0,179.32904,84.32904052734375,5059.742431640625,-0.47024754205655506
San Francisco,Chinatown,Entire home/apt,Apartment,164.0,248.01468,84.01467895507812,5040.8807373046875,-0.33874881643717286
Asheville,28806,Entire home/apt,Apartment,40.0,123.91844,83.91844177246094,5035.106506347656,-0.677207044989736
New York,Williamsburg,Entire home/apt,Apartment,66.0,149.90056,83.90055847167969,5034.033508300781,-0.5597081113445671
San Francisco,Nob Hill,Entire home/apt,Apartment,92.0,175.78897,83.78897094726562,5027.3382568359375,-0.4766452098544977
San Francisco,Nob Hill,Private room,Apartment,213.0,296.6403,83.64028930664062,5018.4173583984375,-0.28195862909296404
Boston,Dorchester,Entire home/apt,House,84.0,167.50003,83.50003051757812,5010.0018310546875,-0.4985075540557307
Washington D.C.,"Brightwood Park, Crestwood, Petworth",Entire home/apt,Apartment,47.0,130.21544,83.21543884277344,4992.926330566406,-0.639059696625149
San Francisco,Haight Ashbury,Entire home/apt,Apartment,137.0,219.9994,82.99940490722656,4979.964294433594,-0.3772710428113535
Austin,78725,Entire home/apt,Apartment,49.0,131.83398,82.833984375,4970.0390625,-0.6283204195617713
Austin,78701,Entire home/apt,Apartment,132.0,214.67336,82.67335510253906,4960.401306152344,-0.3851123259477172
Washington D.C.,"Howard University, Le Droit Park, Cardozo/Shaw",Entire home/apt,Apartment,88.0,170.62074,82.62074279785156,4957.244567871094,-0.48423621561499797
Boston,East Boston,Entire home/apt,House,112.0,194.5801,82.58009338378906,4954.805603027344,-0.4244015507840691
Asheville,28801,Entire home/apt,Apartment,94.0,176.52618,82.52618408203125,4951.571044921875,-0.4675010934563767
Austin,78722,Private room,Apartment,35.0,117.32924,82.32923889160156,4939.754333496094,-0.7016941358297236
San Francisco,Mission,Entire home/apt,Apartment,197.0,279.2146,82.214599609375,4932.8759765625,-0.2944495012953991
Austin,78704,Entire home/apt,Apartment,275.0,357.14334,82.14334106445312,4928.6004638671875,-0.23000104333354723
Austin,78704,Private room,Apartment,75.0,157.09576,82.09576416015625,4925.745849609375,-0.5225841995106955
Austin,78741,Entire home/apt,Apartment,52.0,134.00922,82.00921630859375,4920.552978515625,-0.6119669868059265
San Francisco,South of Market,Entire home/apt,Apartment,125.0,206.83684,81.83683776855469,4910.210266113281,-0.39565890994779224
San Francisco,South of Market,Entire home/apt,Apartment,149.0,230.458,81.45799255371094,4887.479553222656,-0.35346134734175555
New York,Midtown,Entire home/apt,Apartment,175.0,256.36472,81.36471557617188,4881.8829345703125,-0.3173787601515566
Austin,78704,Entire home/apt,Apartment,76.0,157.22118,81.22117614746094,4873.270568847656,-0.5166045575901426
Austin,78704,Entire home/apt,Apartment,67.0,148.13783,81.13783264160156,4868.269958496094,-0.5477185077893169
New York,Bedford-Stuyvesant,Entire home/apt,Apartment,70.0,151.01485,81.01484680175781,4860.890808105469,-0.5364694168654072
New York,East Village,Entire home/apt,Apartment,199.0,279.98462,80.984619140625,4859.0771484375,-0.2892466714392968
Washington D.C.,"Union Station, Stanton Park, Kingman Park",Entire home/apt,Apartment,75.0,155.96228,80.9622802734375,4857.73681640625,-0.5191144944244989
Washington D.C.,"Southwest Employment Area, Southwest/Waterfront, Fort McNair, Buzzard Point",Entire home/apt,Apartment,100.0,180.91818,80.91818237304688,4855.0909423828125,-0.447263958280304
New York,Fort Greene,Entire home/apt,Apartment,70.0,150.9061,80.90609741210938,4854.3658447265625,-0.5361353768970842
New York,Upper West Side,Entire home/apt,Apartment,115.0,195.73524,80.73524475097656,4844.114685058594,-0.4124716775136316
Austin,78722,Entire home/apt,Apartment,101.0,181.63506,80.63505554199219,4838.103332519531,-0.4439399393546593
Austin,78741,Entire home/apt,Apartment,125.0,205.5504,80.55039978027344,4833.023986816406,-0.3918766388505162
Boston,Allston,Entire home/apt,House,55.0,135.54636,80.54635620117188,4832.7813720703125,-0.5942347581931937
San Francisco,South of Market,Private room,Apartment,44.0,124.46023,80.4602279663086,4827.613677978516,-0.6464734098678431
Boston,Jamaica Plain,Entire home/apt,Apartment,155.0,235.4525,80.45249938964844,4827.149963378906,-0.3416931211102085
New York,Harlem,Entire home/apt,Apartment,104.0,184.3838,80.38380432128906,4823.028259277344,-0.43595913761069904
New York,Carroll Gardens,Entire home/apt,Apartment,100.0,180.00868,80.00868225097656,4800.520935058594,-0.4444712402228727
Austin,78741,Entire home/apt,Apartment,63.0,142.87921,79.87921142578125,4792.752685546875,-0.5590681151489598
San Francisco,Haight Ashbury,Entire home/apt,Apartment,295.0,374.76114,79.76113891601562,4785.6683349609375,-0.21283193648819118
Austin,78704,Entire home/apt,Apartment,112.0,191.70406,79.70405578613281,4782.243347167969,-0.41576614255387245
Washington D.C.,"Kalorama Heights, Adams Morgan, Lanier Heights",Entire home/apt,Apartment,75.0,154.63417,79.63417053222656,4778.050231933594,-0.5149843030045573
Austin,78704,Entire home/apt,Apartment,84.0,163.59328,79.59327697753906,4775.596618652344,-0.4865314666229653
Austin,78721,Entire home/apt,Apartment,110.0,189.40822,79.40821838378906,4764.493103027344,-0.41924378499188397
Washington D.C.,"River Terrace, Benning, Greenway, Dupont Park",Entire home/apt,Apartment,58.0,137.34564,79.34564208984375,4760.738525390625,-0.5777077516441353
Austin,78704,Entire home/apt,Apartment,95.0,174.28635,79.28634643554688,4757.1807861328125,-0.4549200098406325
Washington D.C.,"Downtown, Chinatown, Penn Quarters, Mount Vernon Square, North Capitol Street",Entire home/apt,Apartment,110.0,188.97372,78.97372436523438,4738.4234619140625,-0.417908492995565
Washington D.C.,"Georgetown, Burleith/Hillandale",Entire home/apt,Apartment,160.0,238.87187,78.87187194824219,4732.312316894531,-0.33018484472433757
New York,Chelsea,Entire home/apt,Apartment,159.0,237.79945,78.79945373535156,4727.967224121094,-0.3313693639643426
Austin,78704,Entire home/apt,Apartment,90.0,168.72032,78.72032165527344,4723.219299316406,-0.4665728519420055
Austin,78758,Entire home/apt,Apartment,65.0,143.41705,78.41705322265625,4705.023193359375,-0.546776352327593
Washington D.C.,"Union Station, Stanton Park, Kingman Park",Entire home/apt,Apartment,71.0,149.26231,78.26231384277344,4695.738830566406,-0.5243273524837061
San Francisco,Outer Richmond,Entire home/apt,Apartment,85.0,163.20995,78.20994567871094,4692.596740722656,-0.47919840517974405
Austin,78701,Entire home/apt,Apartment,118.0,196.14244,78.14244079589844,4688.546447753906,-0.3983963923300606
Dorchester,Dorchester,Entire home/apt,House,120.0,198.00229,78.00228881835938,4680.1373291015625,-0.3939463997303387
San Francisco,South of Market,Entire home/apt,Apartment,115.0,192.89297,77.89297485351562,4673.5784912109375,-0.40381447231382134
Austin,78704,Entire home/apt,Apartment,135.0,212.68132,77.68132019042969,4660.879211425781,-0.36524749856205385
New York,Upper East Side,Entire home/apt,Apartment,150.0,227.49792,77.4979248046875,4649.87548828125,-0.34065332627197087
San Francisco,South of Market,Private room,Apartment,42.0,119.37492,77.37492370605469,4642.495422363281,-0.6481673144066707
New York,Theater District,Private room,Apartment,60.0,137.31009,77.31008911132812,4638.6053466796875,-0.5630328376573024
New York,West Village,Entire home/apt,Apartment,149.0,226.02037,77.02037048339844,4621.222229003906,-0.3407673844559763
Austin,78701,Entire home/apt,Apartment,115.0,191.93584,76.93583679199219,4616.150207519531,-0.40084143783617826
New York,Upper West Side,Entire home/apt,Apartment,80.0,156.84515,76.84515380859375,4610.709228515625,-0.48994279990551615
New York,Crown Heights,Entire home/apt,Apartment,99.0,175.84335,76.84335327148438,4610.6011962890625,-0.43699890750403286
Washington D.C.,"Downtown, Chinatown, Penn Quarters, Mount Vernon Square, North Capitol Street",Entire home/apt,Apartment,157.0,233.75722,76.75721740722656,4605.433044433594,-0.3283629838624766
Seattle,Columbia City,Entire home/apt,House,160.0,236.71346,76.71345520019531,4602.807312011719,-0.3240772905592399
Washington D.C.,"Downtown, Chinatown, Penn Quarters, Mount Vernon Square, North Capitol Street",Entire home/apt,Apartment,75.0,151.68,76.67999267578125,4600.799560546875,-0.5055379508073035
Austin,78702,Entire home/apt,Apartment,150.0,226.65453,76.65452575683594,4599.271545410156,-0.3381998462235605
San Francisco,Outer Richmond,Entire home/apt,Apartment,117.0,193.4765,76.47650146484375,4588.590087890625,-0.3952753997815086
Austin,78731,Entire home/apt,Apartment,98.0,174.45451,76.45451354980469,4587.270812988281,-0.4382489853320868
New York,Boerum Hill,Entire home/apt,Apartment,120.0,196.4159,76.4158935546875,4584.95361328125,-0.3890514773103697
Austin,78704,Entire home/apt,Apartment,95.0,171.40076,76.4007568359375,4584.04541015625,-0.44574340420834474
San Francisco,North Beach,Entire home/apt,Apartment,170.0,246.15555,76.15554809570312,4569.3328857421875,-0.30937977504408926
Seattle,Capitol Hill,Entire home/apt,Apartment,65.0,141.11261,76.11260986328125,4566.756591796875,-0.5393749710746893
Washington D.C.,"Dupont Circle, Connecticut Avenue/K Street",Entire home/apt,Apartment,150.0,226.1071,76.10710144042969,4566.426086425781,-0.33659757236983956
San Francisco,Potrero Hill,Entire home/apt,Apartment,121.0,197.02872,76.02871704101562,4561.7230224609375,-0.3858763239329659
Austin,78735,Entire home/apt,Apartment,45.0,120.94996,75.94995880126953,4556.997528076172,-0.6279453052651419
San Francisco,Potrero Hill,Entire home/apt,Apartment,130.0,205.90706,75.90705871582031,4554.423522949219,-0.3686471905782616
New York,Long Island City,Entire home/apt,Apartment,100.0,175.74818,75.74818420410156,4544.891052246094,-0.4310040786318051
San Francisco,Haight Ashbury,Entire home/apt,Apartment,81.0,156.54198,75.54197692871094,4532.518615722656,-0.4825669025702459
New York,Upper West Side,Entire home/apt,Apartment,99.0,174.527,75.52699279785156,4531.619567871094,-0.4327525019888001
Austin,78704,Entire home/apt,Apartment,129.0,204.49081,75.49081420898438,4529.4488525390625,-0.36916481799439016
San Francisco,Russian Hill,Entire home/apt,Apartment,93.0,168.16348,75.16348266601562,4509.8089599609375,-0.44696673424215133
San Francisco,North Beach,Private room,Apartment,100.0,174.84918,74.84918212890625,4490.950927734375,-0.42807853727176287
San Francisco,Western Addition,Entire home/apt,Apartment,84.0,158.71675,74.71675109863281,4483.005065917969,-0.47075529571671293
Austin,78704,Entire home/apt,Apartment,78.0,152.63158,74.63157653808594,4477.894592285156,-0.48896550917472326
Austin,78701,Entire home/apt,Apartment,258.0,332.59158,74.59158325195312,4475.4949951171875,-0.2242738151177044
New York,Upper West Side,Entire home/apt,Apartment,148.0,222.42755,74.42755126953125,4465.653076171875,-0.3346148030885891
New York,Kips Bay,Entire home/apt,Apartment,100.0,174.39638,74.39637756347656,4463.782653808594,-0.4265935944477853
New York,Lower East Side,Entire home/apt,Apartment,150.0,224.37337,74.37336730957031,4462.402038574219,-0.3314714584951457
San Francisco,South of Market,Entire home/apt,Apartment,90.0,164.29028,74.290283203125,4457.4169921875,-0.4521891481024114
Seattle,Windermere,Entire home/apt,House,400.0,474.27686,74.27685546875,4456.611328125,-0.1566107530069936
San Francisco,Crocker Amazon,Entire home/apt,Apartment,104.0,178.19023,74.19023132324219,4451.413879394531,-0.4163540883936504
Austin,78726,Entire home/apt,Apartment,127.0,201.1475,74.14750671386719,4448.850402832031,-0.36862254931820854
Seattle,Capitol Hill,Shared room,Apartment,45.0,119.1204,74.12039947509766,4447.223968505859,-0.6222309512200105
Boston,Fenway/Kenmore,Entire home/apt,Apartment,100.0,174.04004,74.0400390625,4442.40234375,-0.42541957276803
Boston,Fenway/Kenmore,Shared room,Apartment,79.0,153.03267,74.03266906738281,4441.960144042969,-0.48377035778409516
Austin,78758,Entire home/apt,Apartment,65.0,138.92484,73.92483520507812,4435.4901123046875,-0.5321210933664361
New York,Williamsburg,Entire home/apt,Apartment,125.0,198.84062,73.84062194824219,4430.437316894531,-0.37135581866899786
Austin,78704,Entire home/apt,Apartment,121.0,194.80171,73.80171203613281,4428.102722167969,-0.37885556171315216
Asheville,28804,Entire home/apt,Apartment,191.0,264.76566,73.76565551757812,4425.9393310546875,-0.27860734192800446
New York,Carroll Gardens,Entire home/apt,Apartment,150.0,223.52985,73.52984619140625,4411.790771484375,-0.3289486726011676
Austin,78704,Entire home/apt,Apartment,100.0,173.51117,73.51116943359375,4410.670166015625,-0.42366822650992486
Seattle,Columbia City,Entire home/apt,House,195.0,268.48785,73.48785400390625,4409.271240234375,-0.2737101619607607
San Francisco,Haight Ashbury,Entire home/apt,Apartment,280.0,353.37497,73.37496948242188,4402.4981689453125,-0.2076405399904019
Austin,78746,Entire home/apt,Apartment,379.0,452.2992,73.2991943359375,4397.95166015625,-0.16205908667061603
New York,Lower East Side,Entire home/apt,Apartment,104.0,177.2221,73.22210693359375,4393.326416015625,-0.4131657624465019
New York,Hell's Kitchen,Entire home/apt,Apartment,150.0,223.03511,73.03511047363281,4382.106628417969,-0.3274601488462374
Asheville,28806,Entire home/apt,Apartment,70.0,142.66531,72.66531372070312,4359.9188232421875,-0.5093411413440027
Austin,78702,Entire home/apt,Apartment,72.0,144.6111,72.61109924316406,4356.665954589844,-0.5021129057394705
New York,Washington Heights,Entire home/apt,Apartment,80.0,152.25081,72.25080871582031,4335.048522949219,-0.4745512311246775
San Francisco,Outer Richmond,Entire home/apt,Apartment,110.0,182.22952,72.22952270507812,4333.7713623046875,-0.3963656471952408
Austin,78701,Entire home/apt,Apartment,138.0,210.15239,72.15238952636719,4329.143371582031,-0.3433336622485296
Washington D.C.,"Union Station, Stanton Park, Kingman Park",Entire home/apt,Apartment,125.0,196.93442,71.93441772460938,4316.0650634765625,-0.3652709290521353
Asheville,28801,Entire home/apt,Apartment,145.0,216.82236,71.82235717773438,4309.3414306640625,-0.3312497756809271
Asheville,28801,Entire home/apt,Apartment,48.0,119.666985,71.66698455810547,4300.019073486328,-0.5988868594186634
Seattle,Columbia City,Entire home/apt,House,150.0,221.63078,71.63078308105469,4297.846984863281,-0.32319870951707064
New York,East Village,Entire home/apt,Apartment,150.0,221.61485,71.61485290527344,4296.891174316406,-0.32315005951286274
San Francisco,North Beach,Entire home/apt,Apartment,198.0,269.16125,71.1612548828125,4269.67529296875,-0.2643814947058213
Austin,78702,Entire home/apt,Apartment,35.0,105.97774,70.97773742675781,4258.664245605469,-0.669741958548711
New York,Park Slope,Entire home/apt,Apartment,100.0,170.87175,70.87174987792969,4252.304992675781,-0.41476575225899115
Washington D.C.,"Columbia Heights, Mt. Pleasant, Pleasant Plains, Park View",Entire home/apt,Apartment,120.0,190.78479,70.7847900390625,4247.08740234375,-0.37101904205555153
Austin,78704,Entire home/apt,Apartment,147.0,217.76416,70.76416015625,4245.849609375,-0.3249577896816232
New York,Gramercy,Entire home/apt,Apartment,120.0,190.74191,70.74191284179688,4244.5147705078125,-0.3708776523619687
New York,Chelsea,Entire home/apt,Apartment,150.0,220.5527,70.55270385742188,4233.1622314453125,-0.3198904507787456
Austin,78703,Entire home/apt,Apartment,115.0,185.5362,70.53619384765625,4232.171630859375,-0.38017484559144027
Asheville,28804,Entire home/apt,Apartment,58.0,128.38223,70.38223266601562,4222.9339599609375,-0.5482240899261653
Austin,78702,Entire home/apt,Apartment,169.0,239.33992,70.33992004394531,4220.395202636719,-0.2938912991657646
Boston,Dorchester,Entire home/apt,House,45.0,115.23209,70.23209381103516,4213.925628662109,-0.6094837947334895
Austin,78732,Entire home/apt,Apartment,200.0,270.1156,70.1156005859375,4206.93603515625,-0.2595762719141065
San Francisco,Mission,Entire home/apt,Apartment,85.0,155.07056,70.070556640625,4204.2333984375,-0.45186241771874885
San Francisco,Mission,Entire home/apt,Apartment,119.0,189.03279,70.03279113769531,4201.967468261719,-0.37047959095457683
Washington D.C.,"Shaw, Logan Circle",Entire home/apt,Apartment,165.0,234.81937,69.81936645507812,4189.1619873046875,-0.2973322324691428
San Francisco,Chinatown,Entire home/apt,Apartment,80.0,149.71036,69.71035766601562,4182.6214599609375,-0.4656348348424254
Washington D.C.,"West End, Foggy Bottom, GWU",Entire home/apt,Apartment,75.0,144.70236,69.70236206054688,4182.1417236328125,-0.48169470814430637
Austin,78744,Entire home/apt,Apartment,85.0,154.45914,69.45913696289062,4167.5482177734375,-0.44969263928736336
New York,Jackson Heights,Entire home/apt,Apartment,110.0,179.43234,69.43234252929688,4165.9405517578125,-0.3869555596865726
Washington D.C.,"Dupont Circle, Connecticut Avenue/K Street",Entire home/apt,Apartment,94.0,162.91978,68.91978454589844,4135.187072753906,-0.4230289448147537
San Francisco,Downtown/Civic Center,Entire home/apt,Apartment,138.0,206.85963,68.85963439941406,4131.578063964844,-0.33288096345784274
Washington D.C.,"Lamont Riggs, Queens Chapel, Fort Totten, Pleasant Hill",Entire home/apt,Apartment,70.0,138.59236,68.59236145019531,4115.541687011719,-0.49492165897501306
Washington D.C.,"Cathedral Heights, McLean Gardens, Glover Park",Entire home/apt,Apartment,60.0,128.55855,68.55854797363281,4113.512878417969,-0.5332865768497485
Austin,78704,Entire home/apt,Apartment,139.0,207.51224,68.51223754882812,4110.7342529296875,-0.33015998650540807
Austin,78758,Entire home/apt,Apartment,66.0,134.4486,68.44859313964844,4106.915588378906,-0.5091060571273704
Austin,78703,Entire home/apt,Apartment,145.0,213.34383,68.34382629394531,4100.629577636719,-0.32034592929715777
San Francisco,Russian Hill,Private room,Apartment,120.0,188.30113,68.30113220214844,4098.067932128906,-0.36272289711367517
New York,Williamsburg,Entire home/apt,Apartment,75.0,143.14449,68.14448547363281,4088.6691284179688,-0.47605386437457287
San Francisco,Excelsior,Entire home/apt,Apartment,82.0,150.11911,68.11911010742188,4087.1466064453125,-0.4537670790792549
San Francisco,Outer Sunset,Entire home/apt,Apartment,80.0,148.11678,68.11677551269531,4087.0065307617188,-0.4598856225225948
New York,Hell's Kitchen,Entire home/apt,Apartment,145.0,213.09775,68.09774780273438,4085.8648681640625,-0.3195610864258068
Austin,78701,Entire home/apt,Apartment,80.0,148.0656,68.06559753417969,4083.9358520507812,-0.45969893525379735
San Francisco,Chinatown,Entire home/apt,Apartment,95.0,162.934,67.93400573730469,4076.0403442382812,-0.41694184973782183
San Francisco,Crocker Amazon,Entire home/apt,Apartment,56.0,123.9148,67.91480255126953,4074.888153076172,-0.5480765909558699
San Francisco,North Beach,Entire home/apt,Apartment,90.0,157.80447,67.80447387695312,4068.2684326171875,-0.4296739643124641
Austin,78704,Entire home/apt,Apartment,149.0,216.7209,67.72090148925781,4063.2540893554688,-0.31247978863088355
New York,Arverne,Entire home/apt,Apartment,125.0,192.49878,67.498779296875,4049.9267578125,-0.3506452328862678
Seattle,Minor,Entire home/apt,Townhouse,203.0,270.48117,67.48117065429688,4048.8702392578125,-0.24948564992919542
Washington D.C.,"Edgewood, Bloomingdale, Truxton Circle, Eckington",Entire home/apt,Apartment,61.0,128.47363,67.4736328125,4048.41796875,-0.5251944024263248
New York,Park Slope,Entire home/apt,Apartment,100.0,167.35724,67.35723876953125,4041.434326171875,-0.40247580125464033
Boston,Mission Hill,Entire home/apt,Apartment,199.0,266.35675,67.35675048828125,4041.405029296875,-0.2528817098301577
Austin,78704,Entire home/apt,Apartment,152.0,219.28838,67.28837585449219,4037.3025512695312,-0.3068488039655193
Austin,78704,Entire home/apt,Apartment,140.0,207.08882,67.08882141113281,4025.3292846679688,-0.32396157819615756
Seattle,Belltown,Entire home/apt,Condominium,105.0,172.07477,67.07476806640625,4024.486083984375,-0.38980013641814754
Washington D.C.,"Douglas, Shipley Terrace",Entire home/apt,Apartment,69.0,135.99779,66.99778747558594,4019.8672485351562,-0.4926388047865356
Seattle,Belltown,Entire home/apt,Apartment,127.0,193.93803,66.93803405761719,4016.2820434570312,-0.34515165827519173
New York,Fort Greene,Entire home/apt,Apartment,90.0,156.77164,66.77163696289062,4006.2982177734375,-0.425916564095686
San Francisco,Noe Valley,Entire home/apt,Apartment,120.0,186.69395,66.69395446777344,4001.6372680664062,-0.3572368192526874
Austin,78741,Entire home/apt,Apartment,300.0,366.65833,66.6583251953125,3999.49951171875,-0.18179956819418944
Asheville,28806,Entire home/apt,Apartment,50.0,116.45156,66.4515609741211,3987.0936584472656,-0.5706369276482997
Washington D.C.,"Columbia Heights, Mt. Pleasant, Pleasant Plains, Park View",Entire home/apt,Apartment,100.0,166.41844,66.41844177246094,3985.1065063476562,-0.3991050574988133
Austin,78704,Entire home/apt,Apartment,84.0,150.36813,66.36813354492188,3982.0880126953125,-0.44137100049256556
New York,West Village,Entire home/apt,Apartment,175.0,240.91107,65.91107177734375,3954.664306640625,-0.27359087853903397
New York,Upper West Side,Entire home/apt,Apartment,95.0,160.89993,65.89993286132812,3953.9959716796875,-0.4095709158444714
Washington D.C.,"Columbia Heights, Mt. Pleasant, Pleasant Plains, Park View",Entire home/apt,Apartment,138.0,203.85938,65.859375,3951.5625,-0.3230627730512762
San Francisco,Outer Sunset,Entire home/apt,Apartment,103.0,168.75351,65.75350952148438,3945.2105712890625,-0.3896423233385446
New York,East Village,Entire home/apt,Apartment,120.0,185.71942,65.71942138671875,3943.165283203125,-0.3538640218454746
San Francisco,Noe Valley,Entire home/apt,Apartment,122.0,187.70074,65.70074462890625,3942.044677734375,-0.35002921676629417
Washington D.C.,"Dupont Circle, Connecticut Avenue/K Street",Entire home/apt,Apartment,103.0,168.65324,65.65324401855469,3939.1946411132812,-0.3892794615402223
New York,SoHo,Entire home/apt,Apartment,110.0,175.6283,65.6282958984375,3937.69775390625,-0.37367723442690065
Boston,Downtown Crossing,Entire home/apt,Apartment,250.0,315.36905,65.36904907226562,3922.1429443359375,-0.20727794710535008
Boston,Downtown,Entire home/apt,Apartment,235.0,300.3546,65.3546142578125,3921.27685546875,-0.2175915106858145
San Francisco,Western Addition,Entire home/apt,Apartment,108.0,173.24634,65.246337890625,3914.7802734375,-0.3766101995865375
San Francisco,Western Addition,Entire home/apt,Apartment,80.0,145.13132,65.13131713867188,3907.8790283203125,-0.44877507089968316
San Francisco,Noe Valley,Entire home/apt,Apartment,300.0,364.76425,64.76425170898438,3885.8551025390625,-0.17755098369851902
New York,Hell's Kitchen,Entire home/apt,Apartment,175.0,239.71599,64.71598815917969,3882.9592895507812,-0.2699694278055665
San Francisco,Inner Richmond,Entire home/apt,Apartment,166.0,230.67209,64.67208862304688,3880.3253173828125,-0.2803637362851076
Austin,78703,Entire home/apt,Apartment,70.0,134.65369,64.6536865234375,3879.22119140625,-0.48014791271373053
San Francisco,Russian Hill,Entire home/apt,Apartment,175.0,239.5838,64.58380126953125,3875.028076171875,-0.26956664401895275
Washington D.C.,"Union Station, Stanton Park, Kingman Park",Entire home/apt,Apartment,78.0,142.53844,64.53843688964844,3872.3062133789062,-0.45277918221885183
Seattle,Capitol Hill,Entire home/apt,Apartment,134.0,198.49901,64.49900817871094,3869.9404907226562,-0.32493365468426794
New York,West Village,Entire home/apt,Apartment,149.0,213.48758,64.48757934570312,3869.2547607421875,-0.3020671251383556
San Francisco,Downtown/Civic Center,Entire home/apt,Apartment,95.0,159.34569,64.34568786621094,3860.7412719726562,-0.40381191815015766
Washington D.C.,"Union Station, Stanton Park, Kingman Park",Entire home/apt,Apartment,91.0,155.29779,64.29779052734375,3857.867431640625,-0.41402901038712875
San Francisco,Castro/Upper Market,Entire home/apt,Apartment,116.0,180.17741,64.17741394042969,3850.6448364257812,-0.3561901158246618
San Francisco,Presidio Heights,Entire home/apt,Apartment,99.0,163.10318,64.10317993164062,3846.1907958984375,-0.3930222571902484
Washington D.C.,"Spring Valley, Palisades, Wesley Heights, Foxhall Crescent, Foxhall Village, Georgetown Reservoir",Entire home/apt,Apartment,120.0,183.9725,63.972503662109375,3838.3502197265625,-0.3477286137259055
San Francisco,Outer Richmond,Entire home/apt,Apartment,123.0,186.9061,63.906097412109375,3834.3658447265625,-0.34191553029542304
Austin,78741,Entire home/apt,Apartment,150.0,213.82565,63.825653076171875,3829.5391845703125,-0.2984938998569785
Asheville,28801,Entire home/apt,Apartment,90.0,153.57494,63.57493591308594,3814.4961547851562,-0.41396687249191155
Washington D.C.,"Edgewood, Bloomingdale, Truxton Circle, Eckington",Entire home/apt,Apartment,86.0,149.5657,63.565704345703125,3813.9422607421875,-0.42500187207876644
Washington D.C.,"Ivy City, Arboretum, Trinidad, Carver Langston",Entire home/apt,Apartment,63.0,126.39773,63.397727966308594,3803.8636779785156,-0.5015733192863032
Austin,78758,Entire home/apt,Apartment,79.0,142.38062,63.380615234375,3802.8369140625,-0.445149187830402
New York,Williamsburg,Entire home/apt,Apartment,90.0,153.18361,63.18360900878906,3791.0165405273438,-0.4124697767446114
Austin,78758,Entire home/apt,Apartment,66.0,129.1639,63.16389465332031,3789.8336791992188,-0.48902129207898276
Seattle,Pike Market,Entire home/apt,Apartment,85.0,148.15775,63.157745361328125,3789.4647216796875,-0.4262871657995239
San Francisco,Outer Sunset,Entire home/apt,Apartment,148.0,211.13979,63.13978576660156,3788.3871459960938,-0.29904257758600566
Seattle,Alki,Entire home/apt,House,135.0,198.13803,63.138031005859375,3788.2818603515625,-0.31865680044025596
Austin,78704,Entire home/apt,Apartment,86.0,149.05632,63.05632019042969,3783.3792114257812,-0.42303687699972004
Austin,78702,Entire home/apt,Apartment,50.0,112.95212,62.952117919921875,3777.1270751953125,-0.5573345509515119
San Francisco,Inner Richmond,Entire home/apt,Apartment,163.0,225.92015,62.92015075683594,3775.2090454101562,-0.2785061471765687
Washington D.C.,"Edgewood, Bloomingdale, Truxton Circle, Eckington",Entire home/apt,Apartment,91.0,153.86214,62.86213684082031,3771.7282104492188,-0.40856144423533514
Washington D.C.,"Dupont Circle, Connecticut Avenue/K Street",Entire home/apt,Apartment,110.0,172.70305,62.70304870605469,3762.1829223632812,-0.36306856871286036
New York,Greenpoint,Entire home/apt,Apartment,75.0,137.66689,62.66688537597656,3760.0131225585938,-0.4552066766443471
San Francisco,Pacific Heights,Entire home/apt,Apartment,197.0,259.64142,62.64141845703125,3758.485107421875,-0.2412612703677628
Washington D.C.,"Dupont Circle, Connecticut Avenue/K Street",Entire home/apt,Apartment,141.0,203.6318,62.631805419921875,3757.9083251953125,-0.3075737863776482
Austin,78741,Private room,Apartment,45.0,107.524086,62.524085998535156,3751.4451599121094,-0.5814891186276807
New York,Woodhaven,Entire home/apt,Apartment,65.0,127.477394,62.477394104003906,3748.6436462402344,-0.49010567358343554
New York,Crown Heights,Entire home/apt,Apartment,80.0,142.37816,62.37815856933594,3742.6895141601562,-0.4381160649648292
Austin,78704,Private room,Apartment,125.0,187.34431,62.34431457519531,3740.6588745117188,-0.3327793251509208
Washington D.C.,"Capitol Hill, Lincoln Park",Entire home/apt,Apartment,110.0,172.33179,62.331787109375,3739.9072265625,-0.36169640061710995
Austin,78704,Entire home/apt,Apartment,187.0,249.32913,62.329132080078125,3739.7479248046875,-0.24998736232739785
Austin,78751,Entire home/apt,Apartment,60.0,122.25287,62.25286865234375,3735.172119140625,-0.5092139705071066
Austin,78704,Entire home/apt,Apartment,111.0,173.19482,62.19482421875,3731.689453125,-0.3591032497610677
New York,West Village,Entire home/apt,Apartment,165.0,227.0461,62.04609680175781,3722.7658081054688,-0.2732753290004034
Asheville,28732,Entire home/apt,Apartment,128.0,189.96187,61.96186828613281,3717.7120971679688,-0.3261805584729344
Washington D.C.,"Southwest Employment Area, Southwest/Waterfront, Fort McNair, Buzzard Point",Entire home/apt,Apartment,110.0,171.9427,61.94270324707031,3716.5621948242188,-0.3602520030062732
Washington D.C.,"Edgewood, Bloomingdale, Truxton Circle, Eckington",Entire home/apt,Apartment,99.0,160.9092,61.90919494628906,3714.5516967773438,-0.38474616050968463
Austin,78704,Entire home/apt,Apartment,100.0,161.8971,61.8970947265625,3713.82568359375,-0.3823236904349898
Washington D.C.,"North Michigan Park, Michigan Park, University Heights",Entire home/apt,Apartment,70.0,131.8637,61.86369323730469,3711.8215942382812,-0.4691487984184811
San Francisco,Potrero Hill,Private room,Apartment,91.0,152.8168,61.816802978515625,3709.0081787109375,-0.40451574547863295
Austin,78728,Entire home/apt,Apartment,45.0,106.68802,61.688018798828125,3701.2811279296875,-0.5782094324494637
San Francisco,Potrero Hill,Entire home/apt,Apartment,107.0,168.63416,61.6341552734375,3698.04931640625,-0.365490343124729
Austin,78702,Entire home/apt,Apartment,220.0,281.6038,61.603790283203125,3696.2274169921875,-0.21876051533698984
Austin,78705,Entire home/apt,Apartment,68.0,129.57413,61.574127197265625,3694.4476318359375,-0.47520387386846324
New York,Chelsea,Entire home/apt,Apartment,193.0,254.40024,61.400238037109375,3684.0142822265625,-0.2413529111091198
Washington D.C.,"Cleveland Park, Woodley Park, Massachusetts Avenue Heights, Woodland-Normanstone Terrace",Entire home/apt,Apartment,70.0,131.34627,61.34626770019531,3680.7760620117188,-0.4670575629923597
Austin,78703,Entire home/apt,Apartment,140.0,201.31404,61.31404113769531,3678.8424682617188,-0.3045691238981069
San Francisco,Excelsior,Entire home/apt,Apartment,136.0,197.16362,61.16361999511719,3669.8171997070312,-0.3102175746044423
Washington D.C.,"Georgetown, Burleith/Hillandale",Entire home/apt,Apartment,105.0,166.1524,61.15240478515625,3669.144287109375,-0.36805007345051377
New York,Harlem,Entire home/apt,Apartment,85.0,146.15088,61.15087890625,3669.052734375,-0.41840924504789234
Austin,78721,Entire home/apt,Apartment,50.0,111.08322,61.083221435546875,3664.9932861328125,-0.549887018454797
San Francisco,Marina,Entire home/apt,Apartment,161.0,222.07039,61.07038879394531,3664.2233276367188,-0.2750046466150483
New York,Carroll Gardens,Entire home/apt,Apartment,160.0,221.04906,61.04905700683594,3662.9434204101562,-0.2761787715065801
Seattle,Seward Park,Entire home/apt,House,150.0,211.0424,61.04240417480469,3662.5442504882812,-0.28924236536010917
Washington D.C.,"Union Station, Stanton Park, Kingman Park",Entire home/apt,Apartment,92.0,152.91812,60.918121337890625,3655.0872802734375,-0.39837084581548615
Seattle,Central Business District,Entire home/apt,Apartment,129.0,189.74828,60.74827575683594,3644.8965454101562,-0.3201519250413921
San Francisco,Castro/Upper Market,Private room,Apartment,103.0,163.66354,60.663543701171875,3639.8126220703125,-0.37066008916399573
Boston,Chinatown,Entire home/apt,Apartment,199.0,259.63733,60.6373291015625,3638.23974609375,-0.23354626744693927
Austin,78729,Entire home/apt,Apartment,40.0,100.616875,60.61687469482422,3637.012481689453,-0.6024523707248719
Asheville,28804,Entire home/apt,Apartment,111.0,171.36098,60.36097717285156,3621.6586303710938,-0.3522445901552343
New York,Financial District,Private room,Apartment,80.0,140.28969,60.28968811035156,3617.3812866210938,-0.4297513874500015
New York,Theater District,Entire home/apt,Apartment,240.0,300.06808,60.068084716796875,3604.0850830078125,-0.2001815180494417
Washington D.C.,"Shaw, Logan Circle",Entire home/apt,Apartment,130.0,190.0474,60.047393798828125,3602.8436279296875,-0.3159601013123622
New York,Chelsea,Entire home/apt,Apartment,145.0,204.94106,59.94105529785156,3596.4633178710938,-0.2924794898256774
Asheville,28804,Entire home/apt,Apartment,50.0,109.860535,59.86053466796875,3591.632080078125,-0.5448775108266596
New York,East Village,Entire home/apt,Apartment,118.0,177.72942,59.72941589355469,3583.7649536132812,-0.33606938723822566
Austin,78748,Entire home/apt,Apartment,236.0,295.66403,59.664031982421875,3579.8419189453125,-0.20179672035984778
New York,Flatbush,Entire home/apt,Apartment,109.0,168.65074,59.65074157714844,3579.0444946289062,-0.3536939180896605
Austin,78701,Entire home/apt,Apartment,257.0,316.59485,59.5948486328125,3575.69091796875,-0.18823694981193695
San Francisco,West of Twin Peaks,Entire home/apt,Apartment,100.0,159.58174,59.58174133300781,3574.9044799804688,-0.3733618948841734
San Francisco,Bernal Heights,Entire home/apt,Apartment,123.0,182.5748,59.574798583984375,3574.4879150390625,-0.3263035153046053
New York,Midtown,Entire home/apt,Apartment,95.0,154.54485,59.54484558105469,3572.6907348632812,-0.3852916954763463
New York,Clinton Hill,Private room,Apartment,36.0,95.44442,59.444419860839844,3566.6651916503906,-0.6228171321855293
New York,Harlem,Entire home/apt,Apartment,120.0,179.42873,59.42872619628906,3565.7235717773438,-0.33121076795293086
Austin,78704,Entire home/apt,Apartment,161.0,220.41785,59.4178466796875,3565.07080078125,-0.2695691277940568
Asheville,28801,Entire home/apt,Apartment,50.0,109.27236,59.272361755371094,3556.3417053222656,-0.5424277539462778
Austin,78701,Entire home/apt,Apartment,202.0,261.12173,59.121734619140625,3547.3040771484375,-0.22641445265126126
Austin,78717,Entire home/apt,Apartment,50.0,109.09814,59.09813690185547,3545.888214111328,-0.5416970314994478
Seattle,University District,Entire home/apt,Townhouse,92.0,151.02841,59.028411865234375,3541.7047119140625,-0.39084309459538374
Seattle,Capitol Hill,Entire home/apt,Apartment,70.0,129.01416,59.01416015625,3540.849609375,-0.4574238989330901
Washington D.C.,"Columbia Heights, Mt. Pleasant, Pleasant Plains, Park View",Private room,Apartment,50.0,108.996284,58.99628448486328,3539.777069091797,-0.5412687667629287
Austin,78749,Entire home/apt,Apartment,50.0,108.91832,58.91831970214844,3535.0991821289062,-0.5409404025261166
